INSERT INTO Types (Type, Kind) VALUES
    ('CIVILIZATION_ELPIS_PROTOCOL', 'KIND_CIVILIZATION'),
    ('LEADER_GRACE_ASHCROFT', 'KIND_LEADER'),
    ('TRAIT_CIVILIZATION_ELPIS_PROTOCOL', 'KIND_TRAIT'),
    ('TRAIT_LEADER_GRACE_ASHCROFT', 'KIND_TRAIT'),
    ('TRAIT_DISTRICT_GRACE_ARK', 'KIND_TRAIT'),
    ('RESOURCE_INFECTED_BLOOD', 'KIND_RESOURCE'),
    ('DISTRICT_GRACE_ARK', 'KIND_DISTRICT'),
    ('PROJECT_GRACE_HEMOLYTIC_1', 'KIND_PROJECT'),
    ('PROJECT_GRACE_HEMOLYTIC_2', 'KIND_PROJECT'),
    ('PROJECT_GRACE_HEMOLYTIC_3', 'KIND_PROJECT'),
    ('PROJECT_GRACE_STABILIZER_1', 'KIND_PROJECT'),
    ('PROJECT_GRACE_STABILIZER_2', 'KIND_PROJECT'),
    ('PROJECT_GRACE_STABILIZER_3', 'KIND_PROJECT'),
    ('PROJECT_GRACE_STEROID_1', 'KIND_PROJECT'),
    ('PROJECT_GRACE_STEROID_2', 'KIND_PROJECT'),
    ('PROJECT_GRACE_STEROID_3', 'KIND_PROJECT'),
    ('PROJECT_GRACE_BLOOD_SAMPLE_ANALYSIS', 'KIND_PROJECT'),
    ('PROJECT_GRACE_ABNORMAL_PATHOLOGY', 'KIND_PROJECT'),
    ('PROJECT_GRACE_STRATEGIC_MATERIAL_SYNTHESIS', 'KIND_PROJECT');

INSERT INTO Civilizations
    (CivilizationType, Name, Description, Adjective, StartingCivilizationLevelType, RandomCityNameDepth, Ethnicity)
VALUES
    ('CIVILIZATION_ELPIS_PROTOCOL', 'LOC_CIVILIZATION_ELPIS_PROTOCOL_NAME', 'LOC_CIVILIZATION_ELPIS_PROTOCOL_DESCRIPTION', 'LOC_CIVILIZATION_ELPIS_PROTOCOL_ADJECTIVE', 'CIVILIZATION_LEVEL_FULL_CIV', 10, 'ETHNICITY_EURO');

INSERT INTO Leaders
    (LeaderType, Name, InheritFrom, Sex, SceneLayers)
VALUES
    ('LEADER_GRACE_ASHCROFT', 'LOC_LEADER_GRACE_ASHCROFT_NAME', 'LEADER_DEFAULT', 'Female', 4);

INSERT INTO CivilizationLeaders
    (CivilizationType, LeaderType, CapitalName)
VALUES
    ('CIVILIZATION_ELPIS_PROTOCOL', 'LEADER_GRACE_ASHCROFT', 'LOC_CITY_NAME_RHODES_HILL');

INSERT INTO Traits (TraitType, Name, Description) VALUES
    ('TRAIT_CIVILIZATION_ELPIS_PROTOCOL', 'LOC_TRAIT_CIVILIZATION_ELPIS_PROTOCOL_NAME', 'LOC_TRAIT_CIVILIZATION_ELPIS_PROTOCOL_DESCRIPTION'),
    ('TRAIT_LEADER_GRACE_ASHCROFT', 'LOC_TRAIT_LEADER_GRACE_ASHCROFT_NAME', 'LOC_TRAIT_LEADER_GRACE_ASHCROFT_DESCRIPTION'),
    ('TRAIT_DISTRICT_GRACE_ARK', 'LOC_TRAIT_DISTRICT_GRACE_ARK_NAME', 'LOC_TRAIT_DISTRICT_GRACE_ARK_DESCRIPTION');

INSERT INTO CivilizationTraits (CivilizationType, TraitType)
VALUES
    ('CIVILIZATION_ELPIS_PROTOCOL', 'TRAIT_CIVILIZATION_ELPIS_PROTOCOL'),
    ('CIVILIZATION_ELPIS_PROTOCOL', 'TRAIT_DISTRICT_GRACE_ARK');

INSERT INTO LeaderTraits (LeaderType, TraitType)
VALUES
    ('LEADER_GRACE_ASHCROFT', 'TRAIT_LEADER_GRACE_ASHCROFT');

INSERT INTO TraitModifiers (TraitType, ModifierId)
VALUES
    ('TRAIT_CIVILIZATION_ELPIS_PROTOCOL', 'GRACE_BSAA_POST_COMBAT_GOLD'),
    ('TRAIT_CIVILIZATION_ELPIS_PROTOCOL', 'GRACE_HEMOLYTIC_1_COMBAT'),
    ('TRAIT_CIVILIZATION_ELPIS_PROTOCOL', 'GRACE_HEMOLYTIC_2_COMBAT'),
    ('TRAIT_CIVILIZATION_ELPIS_PROTOCOL', 'GRACE_HEMOLYTIC_3_COMBAT'),
    ('TRAIT_CIVILIZATION_ELPIS_PROTOCOL', 'GRACE_STABILIZER_1_COMBAT'),
    ('TRAIT_CIVILIZATION_ELPIS_PROTOCOL', 'GRACE_STABILIZER_2_COMBAT'),
    ('TRAIT_CIVILIZATION_ELPIS_PROTOCOL', 'GRACE_STABILIZER_3_COMBAT'),
    ('TRAIT_CIVILIZATION_ELPIS_PROTOCOL', 'GRACE_ARK_GARRISON_RANGE'),
    ('TRAIT_CIVILIZATION_ELPIS_PROTOCOL', 'GRACE_ARK_GARRISON_SIGHT'),
    ('TRAIT_DISTRICT_GRACE_ARK', 'GRACE_ARK_SCIENCE_ADJACENCY_PRODUCTION');

INSERT INTO LeaderQuotes (LeaderType, Quote)
VALUES
    ('LEADER_GRACE_ASHCROFT', 'LOC_PEDIA_LEADERS_PAGE_LEADER_GRACE_ASHCROFT_QUOTE');

INSERT INTO LoadingInfo
    (LeaderType, ForegroundImage, BackgroundImage, PlayDawnOfManAudio, LeaderText)
VALUES
    ('LEADER_GRACE_ASHCROFT', 'LEADER_DEFAULT_NEUTRAL', 'LEADER_DEFAULT_BACKGROUND', 0, 'LOC_LOADING_INFO_LEADER_GRACE_ASHCROFT');

INSERT INTO DiplomacyInfo (Type, BackgroundImage)
VALUES
    ('LEADER_GRACE_ASHCROFT', 'LEADER_DEFAULT_BACKGROUND');

INSERT INTO CityNames (CivilizationType, CityName) VALUES
    ('CIVILIZATION_ELPIS_PROTOCOL', 'LOC_CITY_NAME_RHODES_HILL'),
    ('CIVILIZATION_ELPIS_PROTOCOL', 'LOC_CITY_NAME_ELPIS_SITE'),
    ('CIVILIZATION_ELPIS_PROTOCOL', 'LOC_CITY_NAME_CONTAINMENT_ZONE'),
    ('CIVILIZATION_ELPIS_PROTOCOL', 'LOC_CITY_NAME_ASHCROFT_STATION'),
    ('CIVILIZATION_ELPIS_PROTOCOL', 'LOC_CITY_NAME_QUARANTINE_LINE');

INSERT OR REPLACE INTO StartBiasRivers
    (CivilizationType, Tier)
VALUES
    ('CIVILIZATION_ELPIS_PROTOCOL', 2);

INSERT OR REPLACE INTO StartBiasTerrains
    (CivilizationType, TerrainType, Tier)
VALUES
    ('CIVILIZATION_ELPIS_PROTOCOL', 'TERRAIN_GRASS_HILLS', 3),
    ('CIVILIZATION_ELPIS_PROTOCOL', 'TERRAIN_PLAINS_HILLS', 3),
    ('CIVILIZATION_ELPIS_PROTOCOL', 'TERRAIN_TUNDRA_HILLS', 4),
    ('CIVILIZATION_ELPIS_PROTOCOL', 'TERRAIN_DESERT_HILLS', 5);

INSERT OR REPLACE INTO Resources
    (ResourceType, Name, ResourceClassType, Frequency, PrereqTech, RevealedEra)
VALUES
    ('RESOURCE_INFECTED_BLOOD', 'LOC_RESOURCE_INFECTED_BLOOD_NAME', 'RESOURCECLASS_STRATEGIC', 0, 'TECH_WRITING', 0);

INSERT OR REPLACE INTO Resource_Consumption
    (ResourceType, Accumulate, PowerProvided, BaseExtractionRate, ImprovedExtractionRate, StockpileCap)
VALUES
    ('RESOURCE_INFECTED_BLOOD', 1, 0, 0, 0, 999);

INSERT INTO DistrictReplaces (CivUniqueDistrictType, ReplacesDistrictType)
VALUES
    ('DISTRICT_GRACE_ARK', 'DISTRICT_CAMPUS');

INSERT INTO Districts (
    DistrictType,
    Name,
    PrereqTech,
    PrereqCivic,
    Coast,
    Description,
    Cost,
    RequiresPlacement,
    RequiresPopulation,
    NoAdjacentCity,
    CityCenter,
    Aqueduct,
    InternalOnly,
    ZOC,
    FreeEmbark,
    HitPoints,
    CaptureRemovesBuildings,
    CaptureRemovesCityDefenses,
    PlunderType,
    PlunderAmount,
    TradeEmbark,
    MilitaryDomain,
    CostProgressionModel,
    CostProgressionParam1,
    TraitType,
    Appeal,
    Housing,
    Entertainment,
    OnePerCity,
    AllowsHolyCity,
    Maintenance,
    AirSlots,
    CitizenSlots,
    TravelTime,
    CityStrengthModifier,
    AdjacentToLand,
    CanAttack,
    AdvisorType,
    CaptureRemovesDistrict,
    MaxPerPlayer
)
SELECT
    'DISTRICT_GRACE_ARK',
    'LOC_DISTRICT_GRACE_ARK_NAME',
    PrereqTech,
    PrereqCivic,
    Coast,
    'LOC_DISTRICT_GRACE_ARK_DESCRIPTION',
    Cost,
    RequiresPlacement,
    RequiresPopulation,
    NoAdjacentCity,
    CityCenter,
    Aqueduct,
    InternalOnly,
    ZOC,
    FreeEmbark,
    HitPoints,
    CaptureRemovesBuildings,
    CaptureRemovesCityDefenses,
    PlunderType,
    PlunderAmount,
    TradeEmbark,
    MilitaryDomain,
    CostProgressionModel,
    CostProgressionParam1,
    'TRAIT_DISTRICT_GRACE_ARK',
    Appeal,
    Housing,
    Entertainment,
    OnePerCity,
    AllowsHolyCity,
    Maintenance,
    AirSlots,
    CitizenSlots,
    TravelTime,
    CityStrengthModifier,
    AdjacentToLand,
    CanAttack,
    AdvisorType,
    CaptureRemovesDistrict,
    MaxPerPlayer
FROM Districts
WHERE DistrictType = 'DISTRICT_CAMPUS';

UPDATE Districts
SET
    ZOC = (SELECT ZOC FROM Districts WHERE DistrictType = 'DISTRICT_ENCAMPMENT'),
    HitPoints = (SELECT HitPoints FROM Districts WHERE DistrictType = 'DISTRICT_ENCAMPMENT'),
    CaptureRemovesBuildings = (SELECT CaptureRemovesBuildings FROM Districts WHERE DistrictType = 'DISTRICT_ENCAMPMENT'),
    CaptureRemovesCityDefenses = (SELECT CaptureRemovesCityDefenses FROM Districts WHERE DistrictType = 'DISTRICT_ENCAMPMENT'),
    MilitaryDomain = (SELECT MilitaryDomain FROM Districts WHERE DistrictType = 'DISTRICT_ENCAMPMENT'),
    CityStrengthModifier = (SELECT CityStrengthModifier FROM Districts WHERE DistrictType = 'DISTRICT_ENCAMPMENT'),
    CanAttack = (SELECT CanAttack FROM Districts WHERE DistrictType = 'DISTRICT_ENCAMPMENT')
WHERE DistrictType = 'DISTRICT_GRACE_ARK';

INSERT OR REPLACE INTO Districts_XP2 (DistrictType, AttackRange)
SELECT 'DISTRICT_GRACE_ARK', AttackRange
FROM Districts_XP2
WHERE DistrictType = 'DISTRICT_ENCAMPMENT';

INSERT OR IGNORE INTO Districts_XP2 (DistrictType, AttackRange)
VALUES
    ('DISTRICT_GRACE_ARK', 2);

INSERT OR REPLACE INTO District_GreatPersonPoints (DistrictType, GreatPersonClassType, PointsPerTurn)
SELECT 'DISTRICT_GRACE_ARK', GreatPersonClassType, PointsPerTurn
FROM District_GreatPersonPoints
WHERE DistrictType = 'DISTRICT_CAMPUS';

INSERT OR REPLACE INTO District_CitizenGreatPersonPoints (DistrictType, GreatPersonClassType, PointsPerTurn)
SELECT 'DISTRICT_GRACE_ARK', GreatPersonClassType, PointsPerTurn
FROM District_CitizenGreatPersonPoints
WHERE DistrictType = 'DISTRICT_CAMPUS';

INSERT OR REPLACE INTO District_CitizenYieldChanges (DistrictType, YieldType, YieldChange)
SELECT 'DISTRICT_GRACE_ARK', YieldType, YieldChange
FROM District_CitizenYieldChanges
WHERE DistrictType = 'DISTRICT_CAMPUS';

INSERT OR REPLACE INTO District_TradeRouteYields
    (DistrictType, YieldType, YieldChangeAsOrigin, YieldChangeAsDomesticDestination, YieldChangeAsInternationalDestination)
SELECT
    'DISTRICT_GRACE_ARK',
    YieldType,
    YieldChangeAsOrigin,
    YieldChangeAsDomesticDestination,
    YieldChangeAsInternationalDestination
FROM District_TradeRouteYields
WHERE DistrictType = 'DISTRICT_CAMPUS';

INSERT OR REPLACE INTO District_Adjacencies (DistrictType, YieldChangeId)
SELECT 'DISTRICT_GRACE_ARK', YieldChangeId
FROM District_Adjacencies
WHERE DistrictType = 'DISTRICT_CAMPUS';

INSERT OR REPLACE INTO Adjacency_YieldChanges
    (ID, Description, YieldType, YieldChange, TilesRequired, AdjacentDistrict)
VALUES
    ('GRACE_ARK_CITY_CENTER_SCIENCE', 'LOC_GRACE_ARK_CITY_CENTER_SCIENCE_DESCRIPTION', 'YIELD_SCIENCE', 2, 1, 'DISTRICT_CITY_CENTER');

INSERT OR REPLACE INTO Adjacency_YieldChanges
    (ID, Description, YieldType, YieldChange, TilesRequired, AdjacentDistrict)
SELECT
    'GRACE_ARK_DISTRICT_SCIENCE_' || DistrictType,
    'LOC_GRACE_ARK_DISTRICT_SCIENCE_DESCRIPTION',
    'YIELD_SCIENCE',
    1,
    1,
    DistrictType
FROM Districts
WHERE DistrictType IS NOT NULL
  AND DistrictType NOT IN ('DISTRICT_CITY_CENTER', 'DISTRICT_GRACE_ARK')
  AND COALESCE(InternalOnly, 0) = 0
  AND COALESCE(CityCenter, 0) = 0;

INSERT OR REPLACE INTO District_Adjacencies (DistrictType, YieldChangeId)
VALUES
    ('DISTRICT_GRACE_ARK', 'GRACE_ARK_CITY_CENTER_SCIENCE');

INSERT OR REPLACE INTO District_Adjacencies (DistrictType, YieldChangeId)
SELECT 'DISTRICT_GRACE_ARK', 'GRACE_ARK_DISTRICT_SCIENCE_' || DistrictType
FROM Districts
WHERE DistrictType IS NOT NULL
  AND DistrictType NOT IN ('DISTRICT_CITY_CENTER', 'DISTRICT_GRACE_ARK')
  AND COALESCE(InternalOnly, 0) = 0
  AND COALESCE(CityCenter, 0) = 0;

INSERT OR REPLACE INTO Adjacency_YieldChanges
    (ID, Description, YieldType, YieldChange, TilesRequired, AdjacentImprovement)
SELECT
    'GRACE_ARK_IMPROVEMENT_SCIENCE_' || ImprovementType,
    'LOC_GRACE_ARK_IMPROVEMENT_SCIENCE_DESCRIPTION',
    'YIELD_SCIENCE',
    1,
    1,
    ImprovementType
FROM Improvements
WHERE ImprovementType IS NOT NULL
  AND COALESCE(Buildable, 0) = 1;

INSERT OR REPLACE INTO District_Adjacencies (DistrictType, YieldChangeId)
SELECT 'DISTRICT_GRACE_ARK', 'GRACE_ARK_IMPROVEMENT_SCIENCE_' || ImprovementType
FROM Improvements
WHERE ImprovementType IS NOT NULL
  AND COALESCE(Buildable, 0) = 1;

INSERT OR REPLACE INTO Adjacency_YieldChanges
    (ID, Description, YieldType, YieldChange, TilesRequired, AdjacentDistrict)
VALUES
    ('GRACE_ARK_TO_SCIENCE', 'LOC_GRACE_ARK_TO_SCIENCE_DESCRIPTION', 'YIELD_SCIENCE', 1, 1, 'DISTRICT_GRACE_ARK'),
    ('GRACE_ARK_TO_FAITH', 'LOC_GRACE_ARK_TO_FAITH_DESCRIPTION', 'YIELD_FAITH', 1, 1, 'DISTRICT_GRACE_ARK'),
    ('GRACE_ARK_TO_CULTURE', 'LOC_GRACE_ARK_TO_CULTURE_DESCRIPTION', 'YIELD_CULTURE', 1, 1, 'DISTRICT_GRACE_ARK'),
    ('GRACE_ARK_TO_GOLD', 'LOC_GRACE_ARK_TO_GOLD_DESCRIPTION', 'YIELD_GOLD', 1, 1, 'DISTRICT_GRACE_ARK'),
    ('GRACE_ARK_TO_PRODUCTION', 'LOC_GRACE_ARK_TO_PRODUCTION_DESCRIPTION', 'YIELD_PRODUCTION', 1, 1, 'DISTRICT_GRACE_ARK');

INSERT OR REPLACE INTO District_Adjacencies (DistrictType, YieldChangeId)
SELECT DistrictType, 'GRACE_ARK_TO_SCIENCE'
FROM Districts
WHERE DistrictType IN ('DISTRICT_CAMPUS')
UNION
SELECT CivUniqueDistrictType, 'GRACE_ARK_TO_SCIENCE'
FROM DistrictReplaces
WHERE ReplacesDistrictType IN ('DISTRICT_CAMPUS')
  AND CivUniqueDistrictType <> 'DISTRICT_GRACE_ARK';

INSERT OR REPLACE INTO District_Adjacencies (DistrictType, YieldChangeId)
SELECT DistrictType, 'GRACE_ARK_TO_FAITH'
FROM Districts
WHERE DistrictType IN ('DISTRICT_HOLY_SITE', 'DISTRICT_PRESERVE')
UNION
SELECT CivUniqueDistrictType, 'GRACE_ARK_TO_FAITH'
FROM DistrictReplaces
WHERE ReplacesDistrictType IN ('DISTRICT_HOLY_SITE', 'DISTRICT_PRESERVE');

INSERT OR REPLACE INTO District_Adjacencies (DistrictType, YieldChangeId)
SELECT DistrictType, 'GRACE_ARK_TO_CULTURE'
FROM Districts
WHERE DistrictType IN ('DISTRICT_THEATER', 'DISTRICT_ENTERTAINMENT_COMPLEX', 'DISTRICT_WATER_ENTERTAINMENT_COMPLEX')
UNION
SELECT CivUniqueDistrictType, 'GRACE_ARK_TO_CULTURE'
FROM DistrictReplaces
WHERE ReplacesDistrictType IN ('DISTRICT_THEATER', 'DISTRICT_ENTERTAINMENT_COMPLEX', 'DISTRICT_WATER_ENTERTAINMENT_COMPLEX');

INSERT OR REPLACE INTO District_Adjacencies (DistrictType, YieldChangeId)
SELECT DistrictType, 'GRACE_ARK_TO_GOLD'
FROM Districts
WHERE DistrictType IN ('DISTRICT_COMMERCIAL_HUB', 'DISTRICT_HARBOR')
UNION
SELECT CivUniqueDistrictType, 'GRACE_ARK_TO_GOLD'
FROM DistrictReplaces
WHERE ReplacesDistrictType IN ('DISTRICT_COMMERCIAL_HUB', 'DISTRICT_HARBOR');

INSERT OR REPLACE INTO District_Adjacencies (DistrictType, YieldChangeId)
SELECT DistrictType, 'GRACE_ARK_TO_PRODUCTION'
FROM Districts
WHERE DistrictType IN ('DISTRICT_INDUSTRIAL_ZONE', 'DISTRICT_ENCAMPMENT', 'DISTRICT_AERODROME', 'DISTRICT_SPACEPORT')
UNION
SELECT CivUniqueDistrictType, 'GRACE_ARK_TO_PRODUCTION'
FROM DistrictReplaces
WHERE ReplacesDistrictType IN ('DISTRICT_INDUSTRIAL_ZONE', 'DISTRICT_ENCAMPMENT', 'DISTRICT_AERODROME', 'DISTRICT_SPACEPORT');

INSERT INTO Projects
    (ProjectType, Name, ShortName, Description, Cost, CostProgressionModel, PrereqTech, PrereqDistrict, AdvisorType, MaxPlayerInstances)
VALUES
    ('PROJECT_GRACE_HEMOLYTIC_1', 'LOC_PROJECT_GRACE_HEMOLYTIC_1_NAME', 'LOC_PROJECT_GRACE_HEMOLYTIC_1_SHORT_NAME', 'LOC_PROJECT_GRACE_HEMOLYTIC_1_DESCRIPTION', 10, 'NO_COST_PROGRESSION', 'TECH_WRITING', 'DISTRICT_GRACE_ARK', 'ADVISOR_CONQUEST', 1),
    ('PROJECT_GRACE_HEMOLYTIC_2', 'LOC_PROJECT_GRACE_HEMOLYTIC_2_NAME', 'LOC_PROJECT_GRACE_HEMOLYTIC_2_SHORT_NAME', 'LOC_PROJECT_GRACE_HEMOLYTIC_2_DESCRIPTION', 10, 'NO_COST_PROGRESSION', 'TECH_WRITING', 'DISTRICT_GRACE_ARK', 'ADVISOR_CONQUEST', 1),
    ('PROJECT_GRACE_HEMOLYTIC_3', 'LOC_PROJECT_GRACE_HEMOLYTIC_3_NAME', 'LOC_PROJECT_GRACE_HEMOLYTIC_3_SHORT_NAME', 'LOC_PROJECT_GRACE_HEMOLYTIC_3_DESCRIPTION', 10, 'NO_COST_PROGRESSION', 'TECH_WRITING', 'DISTRICT_GRACE_ARK', 'ADVISOR_CONQUEST', 1),
    ('PROJECT_GRACE_STABILIZER_1', 'LOC_PROJECT_GRACE_STABILIZER_1_NAME', 'LOC_PROJECT_GRACE_STABILIZER_1_SHORT_NAME', 'LOC_PROJECT_GRACE_STABILIZER_1_DESCRIPTION', 10, 'NO_COST_PROGRESSION', 'TECH_WRITING', 'DISTRICT_GRACE_ARK', 'ADVISOR_CONQUEST', 1),
    ('PROJECT_GRACE_STABILIZER_2', 'LOC_PROJECT_GRACE_STABILIZER_2_NAME', 'LOC_PROJECT_GRACE_STABILIZER_2_SHORT_NAME', 'LOC_PROJECT_GRACE_STABILIZER_2_DESCRIPTION', 10, 'NO_COST_PROGRESSION', 'TECH_WRITING', 'DISTRICT_GRACE_ARK', 'ADVISOR_CONQUEST', 1),
    ('PROJECT_GRACE_STABILIZER_3', 'LOC_PROJECT_GRACE_STABILIZER_3_NAME', 'LOC_PROJECT_GRACE_STABILIZER_3_SHORT_NAME', 'LOC_PROJECT_GRACE_STABILIZER_3_DESCRIPTION', 10, 'NO_COST_PROGRESSION', 'TECH_WRITING', 'DISTRICT_GRACE_ARK', 'ADVISOR_CONQUEST', 1),
    ('PROJECT_GRACE_STEROID_1', 'LOC_PROJECT_GRACE_STEROID_1_NAME', 'LOC_PROJECT_GRACE_STEROID_1_SHORT_NAME', 'LOC_PROJECT_GRACE_STEROID_1_DESCRIPTION', 10, 'NO_COST_PROGRESSION', 'TECH_WRITING', 'DISTRICT_GRACE_ARK', 'ADVISOR_CONQUEST', 1),
    ('PROJECT_GRACE_STEROID_2', 'LOC_PROJECT_GRACE_STEROID_2_NAME', 'LOC_PROJECT_GRACE_STEROID_2_SHORT_NAME', 'LOC_PROJECT_GRACE_STEROID_2_DESCRIPTION', 10, 'NO_COST_PROGRESSION', 'TECH_WRITING', 'DISTRICT_GRACE_ARK', 'ADVISOR_CONQUEST', 1),
    ('PROJECT_GRACE_STEROID_3', 'LOC_PROJECT_GRACE_STEROID_3_NAME', 'LOC_PROJECT_GRACE_STEROID_3_SHORT_NAME', 'LOC_PROJECT_GRACE_STEROID_3_DESCRIPTION', 10, 'NO_COST_PROGRESSION', 'TECH_WRITING', 'DISTRICT_GRACE_ARK', 'ADVISOR_CONQUEST', 1);

INSERT INTO Projects
    (ProjectType, Name, ShortName, Description, Cost, CostProgressionModel, CostProgressionParam1, PrereqTech, PrereqDistrict, AdvisorType, MaxPlayerInstances)
SELECT
    'PROJECT_GRACE_BLOOD_SAMPLE_ANALYSIS',
    'LOC_PROJECT_GRACE_BLOOD_SAMPLE_ANALYSIS_NAME',
    'LOC_PROJECT_GRACE_BLOOD_SAMPLE_ANALYSIS_SHORT_NAME',
    'LOC_PROJECT_GRACE_BLOOD_SAMPLE_ANALYSIS_DESCRIPTION',
    Cost,
    CostProgressionModel,
    CostProgressionParam1,
    'TECH_WRITING',
    'DISTRICT_GRACE_ARK',
    AdvisorType,
    NULL
FROM Projects
WHERE ProjectType = 'PROJECT_ENHANCE_DISTRICT_CAMPUS';

INSERT INTO Projects
    (ProjectType, Name, ShortName, Description, Cost, CostProgressionModel, CostProgressionParam1, PrereqTech, PrereqDistrict, AdvisorType, MaxPlayerInstances)
SELECT
    'PROJECT_GRACE_ABNORMAL_PATHOLOGY',
    'LOC_PROJECT_GRACE_ABNORMAL_PATHOLOGY_NAME',
    'LOC_PROJECT_GRACE_ABNORMAL_PATHOLOGY_SHORT_NAME',
    'LOC_PROJECT_GRACE_ABNORMAL_PATHOLOGY_DESCRIPTION',
    Cost,
    CostProgressionModel,
    CostProgressionParam1,
    'TECH_WRITING',
    'DISTRICT_GRACE_ARK',
    AdvisorType,
    NULL
FROM Projects
WHERE ProjectType = 'PROJECT_ENHANCE_DISTRICT_CAMPUS';

INSERT INTO Projects
    (ProjectType, Name, ShortName, Description, Cost, CostProgressionModel, CostProgressionParam1, PrereqTech, PrereqDistrict, AdvisorType, MaxPlayerInstances)
SELECT
    'PROJECT_GRACE_STRATEGIC_MATERIAL_SYNTHESIS',
    'LOC_PROJECT_GRACE_STRATEGIC_MATERIAL_SYNTHESIS_NAME',
    'LOC_PROJECT_GRACE_STRATEGIC_MATERIAL_SYNTHESIS_SHORT_NAME',
    'LOC_PROJECT_GRACE_STRATEGIC_MATERIAL_SYNTHESIS_DESCRIPTION',
    Cost,
    CostProgressionModel,
    CostProgressionParam1,
    'TECH_WRITING',
    'DISTRICT_GRACE_ARK',
    'ADVISOR_CONQUEST',
    NULL
FROM Projects
WHERE ProjectType = 'PROJECT_ENHANCE_DISTRICT_CAMPUS';

INSERT OR REPLACE INTO ProjectPrereqs
    (ProjectType, PrereqProjectType, MinimumPlayerInstances)
VALUES
    ('PROJECT_GRACE_HEMOLYTIC_2', 'PROJECT_GRACE_HEMOLYTIC_1', 1),
    ('PROJECT_GRACE_HEMOLYTIC_3', 'PROJECT_GRACE_HEMOLYTIC_2', 1),
    ('PROJECT_GRACE_STABILIZER_2', 'PROJECT_GRACE_STABILIZER_1', 1),
    ('PROJECT_GRACE_STABILIZER_3', 'PROJECT_GRACE_STABILIZER_2', 1),
    ('PROJECT_GRACE_STEROID_2', 'PROJECT_GRACE_STEROID_1', 1),
    ('PROJECT_GRACE_STEROID_3', 'PROJECT_GRACE_STEROID_2', 1);

INSERT OR REPLACE INTO Project_ResourceCosts
    (ProjectType, ResourceType, StartProductionCost)
VALUES
    ('PROJECT_GRACE_HEMOLYTIC_1', 'RESOURCE_INFECTED_BLOOD', 1),
    ('PROJECT_GRACE_HEMOLYTIC_2', 'RESOURCE_INFECTED_BLOOD', 1),
    ('PROJECT_GRACE_HEMOLYTIC_3', 'RESOURCE_INFECTED_BLOOD', 1),
    ('PROJECT_GRACE_STABILIZER_1', 'RESOURCE_INFECTED_BLOOD', 1),
    ('PROJECT_GRACE_STABILIZER_2', 'RESOURCE_INFECTED_BLOOD', 1),
    ('PROJECT_GRACE_STABILIZER_3', 'RESOURCE_INFECTED_BLOOD', 1),
    ('PROJECT_GRACE_STEROID_1', 'RESOURCE_INFECTED_BLOOD', 1),
    ('PROJECT_GRACE_STEROID_2', 'RESOURCE_INFECTED_BLOOD', 1),
    ('PROJECT_GRACE_STEROID_3', 'RESOURCE_INFECTED_BLOOD', 1),
    ('PROJECT_GRACE_BLOOD_SAMPLE_ANALYSIS', 'RESOURCE_INFECTED_BLOOD', 1),
    ('PROJECT_GRACE_ABNORMAL_PATHOLOGY', 'RESOURCE_INFECTED_BLOOD', 1),
    ('PROJECT_GRACE_STRATEGIC_MATERIAL_SYNTHESIS', 'RESOURCE_INFECTED_BLOOD', 1);

INSERT INTO Requirements (RequirementId, RequirementType) VALUES
    ('GRACE_PLOT_HAS_ARK', 'REQUIREMENT_PLOT_DISTRICT_TYPE_MATCHES'),
    ('GRACE_PLAYER_HAS_CURRENCY', 'REQUIREMENT_PLAYER_HAS_TECHNOLOGY'),
    ('GRACE_UNIT_IS_RANGED', 'REQUIREMENT_UNIT_PROMOTION_CLASS_MATCHES'),
    ('GRACE_UNIT_IS_LAND', 'REQUIREMENT_UNIT_DOMAIN_MATCHES');

INSERT INTO RequirementArguments (RequirementId, Name, Value) VALUES
    ('GRACE_PLOT_HAS_ARK', 'DistrictType', 'DISTRICT_GRACE_ARK'),
    ('GRACE_PLAYER_HAS_CURRENCY', 'TechnologyType', 'TECH_CURRENCY'),
    ('GRACE_UNIT_IS_RANGED', 'UnitPromotionClass', 'PROMOTION_CLASS_RANGED'),
    ('GRACE_UNIT_IS_LAND', 'UnitDomain', 'DOMAIN_LAND');

INSERT INTO RequirementSets (RequirementSetId, RequirementSetType) VALUES
    ('GRACE_ARK_DISTRICT_PLOT_REQUIREMENTS', 'REQUIREMENTSET_TEST_ALL'),
    ('GRACE_PLAYER_HAS_CURRENCY_REQUIREMENTS', 'REQUIREMENTSET_TEST_ALL'),
    ('GRACE_ARK_RANGED_GARRISON_UNIT_REQUIREMENTS', 'REQUIREMENTSET_TEST_ALL');

INSERT INTO RequirementSetRequirements (RequirementSetId, RequirementId) VALUES
    ('GRACE_ARK_DISTRICT_PLOT_REQUIREMENTS', 'GRACE_PLOT_HAS_ARK'),
    ('GRACE_PLAYER_HAS_CURRENCY_REQUIREMENTS', 'GRACE_PLAYER_HAS_CURRENCY'),
    ('GRACE_ARK_RANGED_GARRISON_UNIT_REQUIREMENTS', 'GRACE_PLOT_HAS_ARK'),
    ('GRACE_ARK_RANGED_GARRISON_UNIT_REQUIREMENTS', 'GRACE_UNIT_IS_RANGED'),
    ('GRACE_ARK_RANGED_GARRISON_UNIT_REQUIREMENTS', 'GRACE_UNIT_IS_LAND');

INSERT INTO Requirements (RequirementId, RequirementType, Persistent, Inverse) VALUES
    ('GRACE_HAS_HEMOLYTIC_1', 'REQUIREMENT_PLAYER_HAS_COMPLETED_PROJECT', 1, 0),
    ('GRACE_HAS_HEMOLYTIC_2', 'REQUIREMENT_PLAYER_HAS_COMPLETED_PROJECT', 1, 0),
    ('GRACE_HAS_HEMOLYTIC_3', 'REQUIREMENT_PLAYER_HAS_COMPLETED_PROJECT', 1, 0),
    ('GRACE_NOT_HAS_HEMOLYTIC_2', 'REQUIREMENT_PLAYER_HAS_COMPLETED_PROJECT', 1, 1),
    ('GRACE_NOT_HAS_HEMOLYTIC_3', 'REQUIREMENT_PLAYER_HAS_COMPLETED_PROJECT', 1, 1),
    ('GRACE_HAS_STABILIZER_1', 'REQUIREMENT_PLAYER_HAS_COMPLETED_PROJECT', 1, 0),
    ('GRACE_HAS_STABILIZER_2', 'REQUIREMENT_PLAYER_HAS_COMPLETED_PROJECT', 1, 0),
    ('GRACE_HAS_STABILIZER_3', 'REQUIREMENT_PLAYER_HAS_COMPLETED_PROJECT', 1, 0),
    ('GRACE_NOT_HAS_STABILIZER_2', 'REQUIREMENT_PLAYER_HAS_COMPLETED_PROJECT', 1, 1),
    ('GRACE_NOT_HAS_STABILIZER_3', 'REQUIREMENT_PLAYER_HAS_COMPLETED_PROJECT', 1, 1);

INSERT INTO RequirementArguments (RequirementId, Name, Value) VALUES
    ('GRACE_HAS_HEMOLYTIC_1', 'ProjectType', 'PROJECT_GRACE_HEMOLYTIC_1'),
    ('GRACE_HAS_HEMOLYTIC_2', 'ProjectType', 'PROJECT_GRACE_HEMOLYTIC_2'),
    ('GRACE_HAS_HEMOLYTIC_3', 'ProjectType', 'PROJECT_GRACE_HEMOLYTIC_3'),
    ('GRACE_NOT_HAS_HEMOLYTIC_2', 'ProjectType', 'PROJECT_GRACE_HEMOLYTIC_2'),
    ('GRACE_NOT_HAS_HEMOLYTIC_3', 'ProjectType', 'PROJECT_GRACE_HEMOLYTIC_3'),
    ('GRACE_HAS_STABILIZER_1', 'ProjectType', 'PROJECT_GRACE_STABILIZER_1'),
    ('GRACE_HAS_STABILIZER_2', 'ProjectType', 'PROJECT_GRACE_STABILIZER_2'),
    ('GRACE_HAS_STABILIZER_3', 'ProjectType', 'PROJECT_GRACE_STABILIZER_3'),
    ('GRACE_NOT_HAS_STABILIZER_2', 'ProjectType', 'PROJECT_GRACE_STABILIZER_2'),
    ('GRACE_NOT_HAS_STABILIZER_3', 'ProjectType', 'PROJECT_GRACE_STABILIZER_3');

INSERT INTO RequirementSets (RequirementSetId, RequirementSetType) VALUES
    ('GRACE_HEMOLYTIC_1_OWNER_REQUIREMENTS', 'REQUIREMENTSET_TEST_ALL'),
    ('GRACE_HEMOLYTIC_2_OWNER_REQUIREMENTS', 'REQUIREMENTSET_TEST_ALL'),
    ('GRACE_HEMOLYTIC_3_OWNER_REQUIREMENTS', 'REQUIREMENTSET_TEST_ALL'),
    ('GRACE_STABILIZER_1_OWNER_REQUIREMENTS', 'REQUIREMENTSET_TEST_ALL'),
    ('GRACE_STABILIZER_2_OWNER_REQUIREMENTS', 'REQUIREMENTSET_TEST_ALL'),
    ('GRACE_STABILIZER_3_OWNER_REQUIREMENTS', 'REQUIREMENTSET_TEST_ALL');

INSERT INTO RequirementSetRequirements (RequirementSetId, RequirementId) VALUES
    ('GRACE_HEMOLYTIC_1_OWNER_REQUIREMENTS', 'GRACE_HAS_HEMOLYTIC_1'),
    ('GRACE_HEMOLYTIC_1_OWNER_REQUIREMENTS', 'GRACE_NOT_HAS_HEMOLYTIC_2'),
    ('GRACE_HEMOLYTIC_2_OWNER_REQUIREMENTS', 'GRACE_HAS_HEMOLYTIC_2'),
    ('GRACE_HEMOLYTIC_2_OWNER_REQUIREMENTS', 'GRACE_NOT_HAS_HEMOLYTIC_3'),
    ('GRACE_HEMOLYTIC_3_OWNER_REQUIREMENTS', 'GRACE_HAS_HEMOLYTIC_3'),
    ('GRACE_STABILIZER_1_OWNER_REQUIREMENTS', 'GRACE_HAS_STABILIZER_1'),
    ('GRACE_STABILIZER_1_OWNER_REQUIREMENTS', 'GRACE_NOT_HAS_STABILIZER_2'),
    ('GRACE_STABILIZER_2_OWNER_REQUIREMENTS', 'GRACE_HAS_STABILIZER_2'),
    ('GRACE_STABILIZER_2_OWNER_REQUIREMENTS', 'GRACE_NOT_HAS_STABILIZER_3'),
    ('GRACE_STABILIZER_3_OWNER_REQUIREMENTS', 'GRACE_HAS_STABILIZER_3');

INSERT INTO Modifiers (ModifierId, ModifierType, OwnerRequirementSetId, SubjectRequirementSetId) VALUES
    ('GRACE_HEMOLYTIC_1_COMBAT', 'MODIFIER_PLAYER_UNITS_ADJUST_COMBAT_STRENGTH', 'GRACE_HEMOLYTIC_1_OWNER_REQUIREMENTS', 'REQUIREMENTS_OPPONENT_IS_BARBARIAN'),
    ('GRACE_HEMOLYTIC_2_COMBAT', 'MODIFIER_PLAYER_UNITS_ADJUST_COMBAT_STRENGTH', 'GRACE_HEMOLYTIC_2_OWNER_REQUIREMENTS', 'REQUIREMENTS_OPPONENT_IS_BARBARIAN'),
    ('GRACE_HEMOLYTIC_3_COMBAT', 'MODIFIER_PLAYER_UNITS_ADJUST_COMBAT_STRENGTH', 'GRACE_HEMOLYTIC_3_OWNER_REQUIREMENTS', 'REQUIREMENTS_OPPONENT_IS_BARBARIAN'),
    ('GRACE_STABILIZER_1_COMBAT', 'MODIFIER_PLAYER_UNITS_ADJUST_COMBAT_STRENGTH', 'GRACE_STABILIZER_1_OWNER_REQUIREMENTS', NULL),
    ('GRACE_STABILIZER_2_COMBAT', 'MODIFIER_PLAYER_UNITS_ADJUST_COMBAT_STRENGTH', 'GRACE_STABILIZER_2_OWNER_REQUIREMENTS', NULL),
    ('GRACE_STABILIZER_3_COMBAT', 'MODIFIER_PLAYER_UNITS_ADJUST_COMBAT_STRENGTH', 'GRACE_STABILIZER_3_OWNER_REQUIREMENTS', NULL),
    ('GRACE_ARK_SCIENCE_ADJACENCY_PRODUCTION', 'MODIFIER_ALL_DISTRICTS_ADJUST_YIELD_BASED_ON_ADJACENCY_BONUS', NULL, 'GRACE_ARK_DISTRICT_PLOT_REQUIREMENTS'),
    ('GRACE_ARK_GARRISON_RANGE', 'MODIFIER_PLAYER_UNITS_ADJUST_ATTACK_RANGE', 'GRACE_PLAYER_HAS_CURRENCY_REQUIREMENTS', 'GRACE_ARK_RANGED_GARRISON_UNIT_REQUIREMENTS'),
    ('GRACE_ARK_GARRISON_SIGHT', 'MODIFIER_PLAYER_UNIT_ADJUST_SIGHT', 'GRACE_PLAYER_HAS_CURRENCY_REQUIREMENTS', 'GRACE_ARK_RANGED_GARRISON_UNIT_REQUIREMENTS'),
    ('GRACE_BSAA_POST_COMBAT_GOLD', 'MODIFIER_PLAYER_UNITS_ADJUST_POST_COMBAT_YIELD', NULL, NULL);

INSERT INTO ModifierArguments (ModifierId, Name, Value) VALUES
    ('GRACE_HEMOLYTIC_1_COMBAT', 'Amount', 5),
    ('GRACE_HEMOLYTIC_2_COMBAT', 'Amount', 10),
    ('GRACE_HEMOLYTIC_3_COMBAT', 'Amount', 15),
    ('GRACE_STABILIZER_1_COMBAT', 'Amount', 5),
    ('GRACE_STABILIZER_2_COMBAT', 'Amount', 10),
    ('GRACE_STABILIZER_3_COMBAT', 'Amount', 15),
    ('GRACE_ARK_SCIENCE_ADJACENCY_PRODUCTION', 'YieldTypeToMirror', 'YIELD_SCIENCE'),
    ('GRACE_ARK_SCIENCE_ADJACENCY_PRODUCTION', 'YieldTypeToGrant', 'YIELD_PRODUCTION'),
    ('GRACE_ARK_GARRISON_RANGE', 'Amount', 1),
    ('GRACE_ARK_GARRISON_SIGHT', 'Amount', 1),
    ('GRACE_BSAA_POST_COMBAT_GOLD', 'YieldType', 'YIELD_GOLD');

INSERT INTO ModifierStrings (ModifierId, Context, Text) VALUES
    ('GRACE_HEMOLYTIC_1_COMBAT', 'Preview', 'LOC_GRACE_HEMOLYTIC_1_PREVIEW'),
    ('GRACE_HEMOLYTIC_2_COMBAT', 'Preview', 'LOC_GRACE_HEMOLYTIC_2_PREVIEW'),
    ('GRACE_HEMOLYTIC_3_COMBAT', 'Preview', 'LOC_GRACE_HEMOLYTIC_3_PREVIEW'),
    ('GRACE_STABILIZER_1_COMBAT', 'Preview', 'LOC_GRACE_STABILIZER_1_PREVIEW'),
    ('GRACE_STABILIZER_2_COMBAT', 'Preview', 'LOC_GRACE_STABILIZER_2_PREVIEW'),
    ('GRACE_STABILIZER_3_COMBAT', 'Preview', 'LOC_GRACE_STABILIZER_3_PREVIEW'),
    ('GRACE_ARK_GARRISON_RANGE', 'Preview', 'LOC_GRACE_ARK_GARRISON_RANGE_PREVIEW'),
    ('GRACE_ARK_GARRISON_SIGHT', 'Preview', 'LOC_GRACE_ARK_GARRISON_SIGHT_PREVIEW');

INSERT OR REPLACE INTO GlobalParameters (Name, Value) VALUES
    ('GRACE_BLOOD_PER_BARBARIAN_KILL', '1'),
    ('GRACE_BLOOD_PER_BARBARIAN_CAMP', '2'),
    ('GRACE_MAX_HEMOLYTIC_LEVEL', '3'),
    ('GRACE_MAX_STABILIZER_LEVEL', '3'),
    ('GRACE_MAX_STEROID_LEVEL', '3'),
    ('GRACE_HEMOLYTIC_COMBAT_VS_BARBARIANS', '5'),
    ('GRACE_STABILIZER_COMBAT', '5'),
    ('GRACE_STEROID_HEALING', '5'),
    ('GRACE_KILL_GOLD_PERCENT', '50'),
    ('GRACE_STRATEGIC_MAX_BLOOD_PER_PROJECT', '5'),
    ('GRACE_STRATEGIC_RESOURCE_PER_BLOOD', '2'),
    ('GRACE_PATHOLOGY_MAX_BLOOD_PER_PROJECT', '4'),
    ('GRACE_PATHOLOGY_CITY_YIELD_PERCENT', '50'),
    ('GRACE_PATHOLOGY_MIN_REWARD_PER_BLOOD', '5');

INSERT INTO ModifierArguments (ModifierId, Name, Value)
SELECT 'GRACE_BSAA_POST_COMBAT_GOLD', 'PercentDefeatedStrength', Value
FROM GlobalParameters
WHERE Name = 'GRACE_KILL_GOLD_PERCENT';
