INSERT INTO Types (Type, Kind) VALUES
    ('CIVILIZATION_ELPIS_PROTOCOL', 'KIND_CIVILIZATION'),
    ('LEADER_GRACE_ASHCROFT', 'KIND_LEADER'),
    ('TRAIT_CIVILIZATION_ELPIS_PROTOCOL', 'KIND_TRAIT'),
    ('TRAIT_LEADER_GRACE_ASHCROFT', 'KIND_TRAIT'),
    ('TRAIT_DISTRICT_GRACE_ARK', 'KIND_TRAIT'),
    ('RESOURCE_INFECTED_BLOOD', 'KIND_RESOURCE'),
    ('DISTRICT_GRACE_ARK', 'KIND_DISTRICT'),
    ('PROJECT_GRACE_HEMOLYTIC_1', 'KIND_PROJECT'),
    ('PROJECT_GRACE_HEMOLYTIC_2', 'KIND_PROJECT'),
    ('PROJECT_GRACE_HEMOLYTIC_3', 'KIND_PROJECT'),
    ('PROJECT_GRACE_STABILIZER_1', 'KIND_PROJECT'),
    ('PROJECT_GRACE_STABILIZER_2', 'KIND_PROJECT'),
    ('PROJECT_GRACE_STABILIZER_3', 'KIND_PROJECT'),
    ('PROJECT_GRACE_STEROID_1', 'KIND_PROJECT'),
    ('PROJECT_GRACE_STEROID_2', 'KIND_PROJECT'),
    ('PROJECT_GRACE_STEROID_3', 'KIND_PROJECT'),
    ('PROJECT_GRACE_BLOOD_SAMPLE_ANALYSIS', 'KIND_PROJECT'),
    ('PROJECT_GRACE_ABNORMAL_PATHOLOGY', 'KIND_PROJECT'),
    ('PROJECT_GRACE_CONTAINMENT_REVIEW', 'KIND_PROJECT'),
    ('ABILITY_GRACE_HEMOLYTIC_1', 'KIND_ABILITY'),
    ('ABILITY_GRACE_HEMOLYTIC_2', 'KIND_ABILITY'),
    ('ABILITY_GRACE_HEMOLYTIC_3', 'KIND_ABILITY'),
    ('ABILITY_GRACE_STABILIZER_1', 'KIND_ABILITY'),
    ('ABILITY_GRACE_STABILIZER_2', 'KIND_ABILITY'),
    ('ABILITY_GRACE_STABILIZER_3', 'KIND_ABILITY'),
    ('ABILITY_GRACE_STEROID_1', 'KIND_ABILITY'),
    ('ABILITY_GRACE_STEROID_2', 'KIND_ABILITY'),
    ('ABILITY_GRACE_STEROID_3', 'KIND_ABILITY');

INSERT INTO Civilizations
    (CivilizationType, Name, Description, Adjective, StartingCivilizationLevelType, RandomCityNameDepth, Ethnicity)
VALUES
    ('CIVILIZATION_ELPIS_PROTOCOL', 'LOC_CIVILIZATION_ELPIS_PROTOCOL_NAME', 'LOC_CIVILIZATION_ELPIS_PROTOCOL_DESCRIPTION', 'LOC_CIVILIZATION_ELPIS_PROTOCOL_ADJECTIVE', 'CIVILIZATION_LEVEL_FULL_CIV', 10, 'ETHNICITY_EURO');

INSERT INTO Leaders
    (LeaderType, Name, InheritFrom, Sex, SceneLayers)
VALUES
    ('LEADER_GRACE_ASHCROFT', 'LOC_LEADER_GRACE_ASHCROFT_NAME', 'LEADER_DEFAULT', 'Female', 4);

INSERT INTO CivilizationLeaders
    (CivilizationType, LeaderType, CapitalName)
VALUES
    ('CIVILIZATION_ELPIS_PROTOCOL', 'LEADER_GRACE_ASHCROFT', 'LOC_CITY_NAME_RHODES_HILL');

INSERT INTO Traits (TraitType, Name, Description) VALUES
    ('TRAIT_CIVILIZATION_ELPIS_PROTOCOL', 'LOC_TRAIT_CIVILIZATION_ELPIS_PROTOCOL_NAME', 'LOC_TRAIT_CIVILIZATION_ELPIS_PROTOCOL_DESCRIPTION'),
    ('TRAIT_LEADER_GRACE_ASHCROFT', 'LOC_TRAIT_LEADER_GRACE_ASHCROFT_NAME', 'LOC_TRAIT_LEADER_GRACE_ASHCROFT_DESCRIPTION'),
    ('TRAIT_DISTRICT_GRACE_ARK', 'LOC_TRAIT_DISTRICT_GRACE_ARK_NAME', 'LOC_TRAIT_DISTRICT_GRACE_ARK_DESCRIPTION');

INSERT INTO CivilizationTraits (CivilizationType, TraitType)
VALUES
    ('CIVILIZATION_ELPIS_PROTOCOL', 'TRAIT_CIVILIZATION_ELPIS_PROTOCOL'),
    ('CIVILIZATION_ELPIS_PROTOCOL', 'TRAIT_DISTRICT_GRACE_ARK');

INSERT INTO LeaderTraits (LeaderType, TraitType)
VALUES
    ('LEADER_GRACE_ASHCROFT', 'TRAIT_LEADER_GRACE_ASHCROFT');

INSERT INTO LeaderQuotes (LeaderType, Quote)
VALUES
    ('LEADER_GRACE_ASHCROFT', 'LOC_PEDIA_LEADERS_PAGE_LEADER_GRACE_ASHCROFT_QUOTE');

INSERT INTO LoadingInfo
    (LeaderType, ForegroundImage, BackgroundImage, PlayDawnOfManAudio, LeaderText)
VALUES
    ('LEADER_GRACE_ASHCROFT', 'LEADER_DEFAULT_NEUTRAL', 'LEADER_DEFAULT_BACKGROUND', 0, 'LOC_LOADING_INFO_LEADER_GRACE_ASHCROFT');

INSERT INTO DiplomacyInfo (Type, BackgroundImage)
VALUES
    ('LEADER_GRACE_ASHCROFT', 'LEADER_DEFAULT_BACKGROUND');

INSERT INTO CityNames (CivilizationType, CityName) VALUES
    ('CIVILIZATION_ELPIS_PROTOCOL', 'LOC_CITY_NAME_RHODES_HILL'),
    ('CIVILIZATION_ELPIS_PROTOCOL', 'LOC_CITY_NAME_ELPIS_SITE'),
    ('CIVILIZATION_ELPIS_PROTOCOL', 'LOC_CITY_NAME_CONTAINMENT_ZONE'),
    ('CIVILIZATION_ELPIS_PROTOCOL', 'LOC_CITY_NAME_ASHCROFT_STATION'),
    ('CIVILIZATION_ELPIS_PROTOCOL', 'LOC_CITY_NAME_QUARANTINE_LINE');

INSERT OR REPLACE INTO StartBiasRivers
    (CivilizationType, Tier)
VALUES
    ('CIVILIZATION_ELPIS_PROTOCOL', 2);

INSERT OR REPLACE INTO StartBiasTerrains
    (CivilizationType, TerrainType, Tier)
VALUES
    ('CIVILIZATION_ELPIS_PROTOCOL', 'TERRAIN_GRASS_HILLS', 3),
    ('CIVILIZATION_ELPIS_PROTOCOL', 'TERRAIN_PLAINS_HILLS', 3),
    ('CIVILIZATION_ELPIS_PROTOCOL', 'TERRAIN_TUNDRA_HILLS', 4),
    ('CIVILIZATION_ELPIS_PROTOCOL', 'TERRAIN_DESERT_HILLS', 5);

INSERT OR REPLACE INTO Resources
    (ResourceType, Name, ResourceClassType, Frequency, PrereqTech, RevealedEra)
VALUES
    ('RESOURCE_INFECTED_BLOOD', 'LOC_RESOURCE_INFECTED_BLOOD_NAME', 'RESOURCECLASS_STRATEGIC', 0, 'TECH_WRITING', 0);

INSERT OR REPLACE INTO Resource_Consumption
    (ResourceType, Accumulate, PowerProvided, BaseExtractionRate, ImprovedExtractionRate, StockpileCap)
VALUES
    ('RESOURCE_INFECTED_BLOOD', 1, 0, 0, 0, 999);

INSERT INTO DistrictReplaces (CivUniqueDistrictType, ReplacesDistrictType)
VALUES
    ('DISTRICT_GRACE_ARK', 'DISTRICT_CAMPUS');

INSERT INTO Districts (
    DistrictType,
    Name,
    PrereqTech,
    PrereqCivic,
    Coast,
    Description,
    Cost,
    RequiresPlacement,
    RequiresPopulation,
    NoAdjacentCity,
    CityCenter,
    Aqueduct,
    InternalOnly,
    ZOC,
    FreeEmbark,
    HitPoints,
    CaptureRemovesBuildings,
    CaptureRemovesCityDefenses,
    PlunderType,
    PlunderAmount,
    TradeEmbark,
    MilitaryDomain,
    CostProgressionModel,
    CostProgressionParam1,
    TraitType,
    Appeal,
    Housing,
    Entertainment,
    OnePerCity,
    AllowsHolyCity,
    Maintenance,
    AirSlots,
    CitizenSlots,
    TravelTime,
    CityStrengthModifier,
    AdjacentToLand,
    CanAttack,
    AdvisorType,
    CaptureRemovesDistrict,
    MaxPerPlayer
)
SELECT
    'DISTRICT_GRACE_ARK',
    'LOC_DISTRICT_GRACE_ARK_NAME',
    PrereqTech,
    PrereqCivic,
    Coast,
    'LOC_DISTRICT_GRACE_ARK_DESCRIPTION',
    Cost,
    RequiresPlacement,
    RequiresPopulation,
    NoAdjacentCity,
    CityCenter,
    Aqueduct,
    InternalOnly,
    ZOC,
    FreeEmbark,
    HitPoints,
    CaptureRemovesBuildings,
    CaptureRemovesCityDefenses,
    PlunderType,
    PlunderAmount,
    TradeEmbark,
    MilitaryDomain,
    CostProgressionModel,
    CostProgressionParam1,
    'TRAIT_DISTRICT_GRACE_ARK',
    Appeal,
    Housing,
    Entertainment,
    OnePerCity,
    AllowsHolyCity,
    Maintenance,
    AirSlots,
    CitizenSlots,
    TravelTime,
    CityStrengthModifier,
    AdjacentToLand,
    CanAttack,
    AdvisorType,
    CaptureRemovesDistrict,
    MaxPerPlayer
FROM Districts
WHERE DistrictType = 'DISTRICT_CAMPUS';

UPDATE Districts
SET
    ZOC = (SELECT ZOC FROM Districts WHERE DistrictType = 'DISTRICT_ENCAMPMENT'),
    HitPoints = (SELECT HitPoints FROM Districts WHERE DistrictType = 'DISTRICT_ENCAMPMENT'),
    CaptureRemovesBuildings = (SELECT CaptureRemovesBuildings FROM Districts WHERE DistrictType = 'DISTRICT_ENCAMPMENT'),
    CaptureRemovesCityDefenses = (SELECT CaptureRemovesCityDefenses FROM Districts WHERE DistrictType = 'DISTRICT_ENCAMPMENT'),
    MilitaryDomain = (SELECT MilitaryDomain FROM Districts WHERE DistrictType = 'DISTRICT_ENCAMPMENT'),
    CityStrengthModifier = (SELECT CityStrengthModifier FROM Districts WHERE DistrictType = 'DISTRICT_ENCAMPMENT'),
    CanAttack = (SELECT CanAttack FROM Districts WHERE DistrictType = 'DISTRICT_ENCAMPMENT')
WHERE DistrictType = 'DISTRICT_GRACE_ARK';

INSERT OR REPLACE INTO Districts_XP2 (DistrictType, AttackRange)
SELECT 'DISTRICT_GRACE_ARK', AttackRange
FROM Districts_XP2
WHERE DistrictType = 'DISTRICT_ENCAMPMENT';

INSERT OR IGNORE INTO Districts_XP2 (DistrictType, AttackRange)
VALUES
    ('DISTRICT_GRACE_ARK', 2);

INSERT OR REPLACE INTO District_GreatPersonPoints (DistrictType, GreatPersonClassType, PointsPerTurn)
SELECT 'DISTRICT_GRACE_ARK', GreatPersonClassType, PointsPerTurn
FROM District_GreatPersonPoints
WHERE DistrictType = 'DISTRICT_CAMPUS';

INSERT OR REPLACE INTO District_CitizenGreatPersonPoints (DistrictType, GreatPersonClassType, PointsPerTurn)
SELECT 'DISTRICT_GRACE_ARK', GreatPersonClassType, PointsPerTurn
FROM District_CitizenGreatPersonPoints
WHERE DistrictType = 'DISTRICT_CAMPUS';

INSERT OR REPLACE INTO District_CitizenYieldChanges (DistrictType, YieldType, YieldChange)
SELECT 'DISTRICT_GRACE_ARK', YieldType, YieldChange
FROM District_CitizenYieldChanges
WHERE DistrictType = 'DISTRICT_CAMPUS';

INSERT OR REPLACE INTO District_TradeRouteYields
    (DistrictType, YieldType, YieldChangeAsOrigin, YieldChangeAsDomesticDestination, YieldChangeAsInternationalDestination)
SELECT
    'DISTRICT_GRACE_ARK',
    YieldType,
    YieldChangeAsOrigin,
    YieldChangeAsDomesticDestination,
    YieldChangeAsInternationalDestination
FROM District_TradeRouteYields
WHERE DistrictType = 'DISTRICT_CAMPUS';

INSERT OR REPLACE INTO District_Adjacencies (DistrictType, YieldChangeId)
SELECT 'DISTRICT_GRACE_ARK', YieldChangeId
FROM District_Adjacencies
WHERE DistrictType = 'DISTRICT_CAMPUS';

INSERT OR REPLACE INTO Adjacency_YieldChanges (
    ID,
    Description,
    YieldType,
    YieldChange,
    TilesRequired,
    OtherDistrictAdjacent,
    AdjacentSeaResource,
    AdjacentTerrain,
    AdjacentFeature,
    AdjacentRiver,
    AdjacentWonder,
    AdjacentNaturalWonder,
    AdjacentImprovement,
    AdjacentDistrict,
    PrereqCivic,
    PrereqTech,
    ObsoleteCivic,
    ObsoleteTech,
    AdjacentResource,
    AdjacentResourceClass,
    Self
)
SELECT
    'GRACE_ARK_PROD_' || ay.ID,
    'LOC_GRACE_ARK_PRODUCTION_MIRROR_DESCRIPTION',
    'YIELD_PRODUCTION',
    ay.YieldChange,
    ay.TilesRequired,
    ay.OtherDistrictAdjacent,
    ay.AdjacentSeaResource,
    ay.AdjacentTerrain,
    ay.AdjacentFeature,
    ay.AdjacentRiver,
    ay.AdjacentWonder,
    ay.AdjacentNaturalWonder,
    ay.AdjacentImprovement,
    ay.AdjacentDistrict,
    ay.PrereqCivic,
    ay.PrereqTech,
    ay.ObsoleteCivic,
    ay.ObsoleteTech,
    ay.AdjacentResource,
    ay.AdjacentResourceClass,
    ay.Self
FROM District_Adjacencies da
JOIN Adjacency_YieldChanges ay ON ay.ID = da.YieldChangeId
WHERE da.DistrictType = 'DISTRICT_CAMPUS'
  AND ay.YieldType = 'YIELD_SCIENCE';

INSERT OR REPLACE INTO District_Adjacencies (DistrictType, YieldChangeId)
SELECT 'DISTRICT_GRACE_ARK', 'GRACE_ARK_PROD_' || da.YieldChangeId
FROM District_Adjacencies da
JOIN Adjacency_YieldChanges ay ON ay.ID = da.YieldChangeId
WHERE da.DistrictType = 'DISTRICT_CAMPUS'
  AND ay.YieldType = 'YIELD_SCIENCE';

INSERT OR REPLACE INTO Adjacency_YieldChanges
    (ID, Description, YieldType, YieldChange, TilesRequired, AdjacentDistrict)
VALUES
    ('GRACE_ARK_CITY_CENTER_SCIENCE', 'LOC_GRACE_ARK_CITY_CENTER_SCIENCE_DESCRIPTION', 'YIELD_SCIENCE', 2, 1, 'DISTRICT_CITY_CENTER'),
    ('GRACE_ARK_CITY_CENTER_PRODUCTION', 'LOC_GRACE_ARK_CITY_CENTER_PRODUCTION_DESCRIPTION', 'YIELD_PRODUCTION', 2, 1, 'DISTRICT_CITY_CENTER');

INSERT OR REPLACE INTO Adjacency_YieldChanges
    (ID, Description, YieldType, YieldChange, TilesRequired, OtherDistrictAdjacent)
VALUES
    ('GRACE_ARK_DISTRICT_SCIENCE', 'LOC_GRACE_ARK_DISTRICT_SCIENCE_DESCRIPTION', 'YIELD_SCIENCE', 1, 1, 1),
    ('GRACE_ARK_DISTRICT_PRODUCTION', 'LOC_GRACE_ARK_DISTRICT_PRODUCTION_DESCRIPTION', 'YIELD_PRODUCTION', 1, 1, 1);

INSERT OR REPLACE INTO District_Adjacencies (DistrictType, YieldChangeId)
VALUES
    ('DISTRICT_GRACE_ARK', 'GRACE_ARK_CITY_CENTER_SCIENCE'),
    ('DISTRICT_GRACE_ARK', 'GRACE_ARK_CITY_CENTER_PRODUCTION'),
    ('DISTRICT_GRACE_ARK', 'GRACE_ARK_DISTRICT_SCIENCE'),
    ('DISTRICT_GRACE_ARK', 'GRACE_ARK_DISTRICT_PRODUCTION');

INSERT OR REPLACE INTO Adjacency_YieldChanges
    (ID, Description, YieldType, YieldChange, TilesRequired, AdjacentImprovement)
SELECT
    'GRACE_ARK_IMPROVEMENT_SCIENCE_' || ImprovementType,
    'LOC_GRACE_ARK_IMPROVEMENT_SCIENCE_DESCRIPTION',
    'YIELD_SCIENCE',
    1,
    1,
    ImprovementType
FROM Improvements
WHERE ImprovementType IS NOT NULL;

INSERT OR REPLACE INTO Adjacency_YieldChanges
    (ID, Description, YieldType, YieldChange, TilesRequired, AdjacentImprovement)
SELECT
    'GRACE_ARK_IMPROVEMENT_PRODUCTION_' || ImprovementType,
    'LOC_GRACE_ARK_IMPROVEMENT_PRODUCTION_DESCRIPTION',
    'YIELD_PRODUCTION',
    1,
    1,
    ImprovementType
FROM Improvements
WHERE ImprovementType IS NOT NULL;

INSERT OR REPLACE INTO District_Adjacencies (DistrictType, YieldChangeId)
SELECT 'DISTRICT_GRACE_ARK', 'GRACE_ARK_IMPROVEMENT_SCIENCE_' || ImprovementType
FROM Improvements
WHERE ImprovementType IS NOT NULL;

INSERT OR REPLACE INTO District_Adjacencies (DistrictType, YieldChangeId)
SELECT 'DISTRICT_GRACE_ARK', 'GRACE_ARK_IMPROVEMENT_PRODUCTION_' || ImprovementType
FROM Improvements
WHERE ImprovementType IS NOT NULL;

INSERT OR REPLACE INTO Adjacency_YieldChanges
    (ID, Description, YieldType, YieldChange, TilesRequired, AdjacentDistrict)
VALUES
    ('GRACE_ARK_TO_SCIENCE', 'LOC_GRACE_ARK_TO_SCIENCE_DESCRIPTION', 'YIELD_SCIENCE', 1, 1, 'DISTRICT_GRACE_ARK'),
    ('GRACE_ARK_TO_FAITH', 'LOC_GRACE_ARK_TO_FAITH_DESCRIPTION', 'YIELD_FAITH', 1, 1, 'DISTRICT_GRACE_ARK'),
    ('GRACE_ARK_TO_CULTURE', 'LOC_GRACE_ARK_TO_CULTURE_DESCRIPTION', 'YIELD_CULTURE', 1, 1, 'DISTRICT_GRACE_ARK'),
    ('GRACE_ARK_TO_GOLD', 'LOC_GRACE_ARK_TO_GOLD_DESCRIPTION', 'YIELD_GOLD', 1, 1, 'DISTRICT_GRACE_ARK'),
    ('GRACE_ARK_TO_PRODUCTION', 'LOC_GRACE_ARK_TO_PRODUCTION_DESCRIPTION', 'YIELD_PRODUCTION', 1, 1, 'DISTRICT_GRACE_ARK');

INSERT OR REPLACE INTO District_Adjacencies (DistrictType, YieldChangeId)
SELECT DistrictType, 'GRACE_ARK_TO_SCIENCE'
FROM Districts
WHERE DistrictType IN ('DISTRICT_CAMPUS')
UNION
SELECT CivUniqueDistrictType, 'GRACE_ARK_TO_SCIENCE'
FROM DistrictReplaces
WHERE ReplacesDistrictType IN ('DISTRICT_CAMPUS')
  AND CivUniqueDistrictType <> 'DISTRICT_GRACE_ARK';

INSERT OR REPLACE INTO District_Adjacencies (DistrictType, YieldChangeId)
SELECT DistrictType, 'GRACE_ARK_TO_FAITH'
FROM Districts
WHERE DistrictType IN ('DISTRICT_HOLY_SITE', 'DISTRICT_PRESERVE')
UNION
SELECT CivUniqueDistrictType, 'GRACE_ARK_TO_FAITH'
FROM DistrictReplaces
WHERE ReplacesDistrictType IN ('DISTRICT_HOLY_SITE', 'DISTRICT_PRESERVE');

INSERT OR REPLACE INTO District_Adjacencies (DistrictType, YieldChangeId)
SELECT DistrictType, 'GRACE_ARK_TO_CULTURE'
FROM Districts
WHERE DistrictType IN ('DISTRICT_THEATER', 'DISTRICT_ENTERTAINMENT_COMPLEX', 'DISTRICT_WATER_ENTERTAINMENT_COMPLEX')
UNION
SELECT CivUniqueDistrictType, 'GRACE_ARK_TO_CULTURE'
FROM DistrictReplaces
WHERE ReplacesDistrictType IN ('DISTRICT_THEATER', 'DISTRICT_ENTERTAINMENT_COMPLEX', 'DISTRICT_WATER_ENTERTAINMENT_COMPLEX');

INSERT OR REPLACE INTO District_Adjacencies (DistrictType, YieldChangeId)
SELECT DistrictType, 'GRACE_ARK_TO_GOLD'
FROM Districts
WHERE DistrictType IN ('DISTRICT_COMMERCIAL_HUB', 'DISTRICT_HARBOR')
UNION
SELECT CivUniqueDistrictType, 'GRACE_ARK_TO_GOLD'
FROM DistrictReplaces
WHERE ReplacesDistrictType IN ('DISTRICT_COMMERCIAL_HUB', 'DISTRICT_HARBOR');

INSERT OR REPLACE INTO District_Adjacencies (DistrictType, YieldChangeId)
SELECT DistrictType, 'GRACE_ARK_TO_PRODUCTION'
FROM Districts
WHERE DistrictType IN ('DISTRICT_INDUSTRIAL_ZONE', 'DISTRICT_ENCAMPMENT', 'DISTRICT_AERODROME', 'DISTRICT_SPACEPORT')
UNION
SELECT CivUniqueDistrictType, 'GRACE_ARK_TO_PRODUCTION'
FROM DistrictReplaces
WHERE ReplacesDistrictType IN ('DISTRICT_INDUSTRIAL_ZONE', 'DISTRICT_ENCAMPMENT', 'DISTRICT_AERODROME', 'DISTRICT_SPACEPORT');

INSERT INTO Projects
    (ProjectType, Name, ShortName, Description, Cost, CostProgressionModel, PrereqTech, PrereqDistrict, AdvisorType, MaxPlayerInstances)
VALUES
    ('PROJECT_GRACE_HEMOLYTIC_1', 'LOC_PROJECT_GRACE_HEMOLYTIC_1_NAME', 'LOC_PROJECT_GRACE_HEMOLYTIC_1_SHORT_NAME', 'LOC_PROJECT_GRACE_HEMOLYTIC_1_DESCRIPTION', 10, 'NO_COST_PROGRESSION', 'TECH_WRITING', 'DISTRICT_GRACE_ARK', 'ADVISOR_CONQUEST', 1),
    ('PROJECT_GRACE_HEMOLYTIC_2', 'LOC_PROJECT_GRACE_HEMOLYTIC_2_NAME', 'LOC_PROJECT_GRACE_HEMOLYTIC_2_SHORT_NAME', 'LOC_PROJECT_GRACE_HEMOLYTIC_2_DESCRIPTION', 10, 'NO_COST_PROGRESSION', 'TECH_WRITING', 'DISTRICT_GRACE_ARK', 'ADVISOR_CONQUEST', 1),
    ('PROJECT_GRACE_HEMOLYTIC_3', 'LOC_PROJECT_GRACE_HEMOLYTIC_3_NAME', 'LOC_PROJECT_GRACE_HEMOLYTIC_3_SHORT_NAME', 'LOC_PROJECT_GRACE_HEMOLYTIC_3_DESCRIPTION', 10, 'NO_COST_PROGRESSION', 'TECH_WRITING', 'DISTRICT_GRACE_ARK', 'ADVISOR_CONQUEST', 1),
    ('PROJECT_GRACE_STABILIZER_1', 'LOC_PROJECT_GRACE_STABILIZER_1_NAME', 'LOC_PROJECT_GRACE_STABILIZER_1_SHORT_NAME', 'LOC_PROJECT_GRACE_STABILIZER_1_DESCRIPTION', 10, 'NO_COST_PROGRESSION', 'TECH_WRITING', 'DISTRICT_GRACE_ARK', 'ADVISOR_CONQUEST', 1),
    ('PROJECT_GRACE_STABILIZER_2', 'LOC_PROJECT_GRACE_STABILIZER_2_NAME', 'LOC_PROJECT_GRACE_STABILIZER_2_SHORT_NAME', 'LOC_PROJECT_GRACE_STABILIZER_2_DESCRIPTION', 10, 'NO_COST_PROGRESSION', 'TECH_WRITING', 'DISTRICT_GRACE_ARK', 'ADVISOR_CONQUEST', 1),
    ('PROJECT_GRACE_STABILIZER_3', 'LOC_PROJECT_GRACE_STABILIZER_3_NAME', 'LOC_PROJECT_GRACE_STABILIZER_3_SHORT_NAME', 'LOC_PROJECT_GRACE_STABILIZER_3_DESCRIPTION', 10, 'NO_COST_PROGRESSION', 'TECH_WRITING', 'DISTRICT_GRACE_ARK', 'ADVISOR_CONQUEST', 1),
    ('PROJECT_GRACE_STEROID_1', 'LOC_PROJECT_GRACE_STEROID_1_NAME', 'LOC_PROJECT_GRACE_STEROID_1_SHORT_NAME', 'LOC_PROJECT_GRACE_STEROID_1_DESCRIPTION', 10, 'NO_COST_PROGRESSION', 'TECH_WRITING', 'DISTRICT_GRACE_ARK', 'ADVISOR_CONQUEST', 1),
    ('PROJECT_GRACE_STEROID_2', 'LOC_PROJECT_GRACE_STEROID_2_NAME', 'LOC_PROJECT_GRACE_STEROID_2_SHORT_NAME', 'LOC_PROJECT_GRACE_STEROID_2_DESCRIPTION', 10, 'NO_COST_PROGRESSION', 'TECH_WRITING', 'DISTRICT_GRACE_ARK', 'ADVISOR_CONQUEST', 1),
    ('PROJECT_GRACE_STEROID_3', 'LOC_PROJECT_GRACE_STEROID_3_NAME', 'LOC_PROJECT_GRACE_STEROID_3_SHORT_NAME', 'LOC_PROJECT_GRACE_STEROID_3_DESCRIPTION', 10, 'NO_COST_PROGRESSION', 'TECH_WRITING', 'DISTRICT_GRACE_ARK', 'ADVISOR_CONQUEST', 1),
    ('PROJECT_GRACE_BLOOD_SAMPLE_ANALYSIS', 'LOC_PROJECT_GRACE_BLOOD_SAMPLE_ANALYSIS_NAME', 'LOC_PROJECT_GRACE_BLOOD_SAMPLE_ANALYSIS_SHORT_NAME', 'LOC_PROJECT_GRACE_BLOOD_SAMPLE_ANALYSIS_DESCRIPTION', 10, 'NO_COST_PROGRESSION', 'TECH_WRITING', 'DISTRICT_GRACE_ARK', 'ADVISOR_TECHNOLOGY', NULL),
    ('PROJECT_GRACE_ABNORMAL_PATHOLOGY', 'LOC_PROJECT_GRACE_ABNORMAL_PATHOLOGY_NAME', 'LOC_PROJECT_GRACE_ABNORMAL_PATHOLOGY_SHORT_NAME', 'LOC_PROJECT_GRACE_ABNORMAL_PATHOLOGY_DESCRIPTION', 10, 'NO_COST_PROGRESSION', 'TECH_WRITING', 'DISTRICT_GRACE_ARK', 'ADVISOR_TECHNOLOGY', NULL),
    ('PROJECT_GRACE_CONTAINMENT_REVIEW', 'LOC_PROJECT_GRACE_CONTAINMENT_REVIEW_NAME', 'LOC_PROJECT_GRACE_CONTAINMENT_REVIEW_SHORT_NAME', 'LOC_PROJECT_GRACE_CONTAINMENT_REVIEW_DESCRIPTION', 10, 'NO_COST_PROGRESSION', 'TECH_WRITING', 'DISTRICT_GRACE_ARK', 'ADVISOR_TECHNOLOGY', NULL);

INSERT OR REPLACE INTO ProjectPrereqs
    (ProjectType, PrereqProjectType, MinimumPlayerInstances)
VALUES
    ('PROJECT_GRACE_HEMOLYTIC_2', 'PROJECT_GRACE_HEMOLYTIC_1', 1),
    ('PROJECT_GRACE_HEMOLYTIC_3', 'PROJECT_GRACE_HEMOLYTIC_2', 1),
    ('PROJECT_GRACE_STABILIZER_2', 'PROJECT_GRACE_STABILIZER_1', 1),
    ('PROJECT_GRACE_STABILIZER_3', 'PROJECT_GRACE_STABILIZER_2', 1),
    ('PROJECT_GRACE_STEROID_2', 'PROJECT_GRACE_STEROID_1', 1),
    ('PROJECT_GRACE_STEROID_3', 'PROJECT_GRACE_STEROID_2', 1);

INSERT OR REPLACE INTO Project_ResourceCosts
    (ProjectType, ResourceType, StartProductionCost)
VALUES
    ('PROJECT_GRACE_HEMOLYTIC_1', 'RESOURCE_INFECTED_BLOOD', 3),
    ('PROJECT_GRACE_HEMOLYTIC_2', 'RESOURCE_INFECTED_BLOOD', 3),
    ('PROJECT_GRACE_HEMOLYTIC_3', 'RESOURCE_INFECTED_BLOOD', 3),
    ('PROJECT_GRACE_STABILIZER_1', 'RESOURCE_INFECTED_BLOOD', 3),
    ('PROJECT_GRACE_STABILIZER_2', 'RESOURCE_INFECTED_BLOOD', 3),
    ('PROJECT_GRACE_STABILIZER_3', 'RESOURCE_INFECTED_BLOOD', 3),
    ('PROJECT_GRACE_STEROID_1', 'RESOURCE_INFECTED_BLOOD', 3),
    ('PROJECT_GRACE_STEROID_2', 'RESOURCE_INFECTED_BLOOD', 3),
    ('PROJECT_GRACE_STEROID_3', 'RESOURCE_INFECTED_BLOOD', 3),
    ('PROJECT_GRACE_BLOOD_SAMPLE_ANALYSIS', 'RESOURCE_INFECTED_BLOOD', 3),
    ('PROJECT_GRACE_ABNORMAL_PATHOLOGY', 'RESOURCE_INFECTED_BLOOD', 3),
    ('PROJECT_GRACE_CONTAINMENT_REVIEW', 'RESOURCE_INFECTED_BLOOD', 3);

INSERT INTO TypeTags (Type, Tag) VALUES
    ('ABILITY_GRACE_HEMOLYTIC_1', 'CLASS_ALL_UNITS'),
    ('ABILITY_GRACE_HEMOLYTIC_2', 'CLASS_ALL_UNITS'),
    ('ABILITY_GRACE_HEMOLYTIC_3', 'CLASS_ALL_UNITS'),
    ('ABILITY_GRACE_STABILIZER_1', 'CLASS_ALL_UNITS'),
    ('ABILITY_GRACE_STABILIZER_2', 'CLASS_ALL_UNITS'),
    ('ABILITY_GRACE_STABILIZER_3', 'CLASS_ALL_UNITS'),
    ('ABILITY_GRACE_STEROID_1', 'CLASS_ALL_UNITS'),
    ('ABILITY_GRACE_STEROID_2', 'CLASS_ALL_UNITS'),
    ('ABILITY_GRACE_STEROID_3', 'CLASS_ALL_UNITS');

INSERT INTO UnitAbilities (UnitAbilityType, Name, Description, Inactive) VALUES
    ('ABILITY_GRACE_HEMOLYTIC_1', 'LOC_ABILITY_GRACE_HEMOLYTIC_1_NAME', 'LOC_ABILITY_GRACE_HEMOLYTIC_1_DESCRIPTION', 1),
    ('ABILITY_GRACE_HEMOLYTIC_2', 'LOC_ABILITY_GRACE_HEMOLYTIC_2_NAME', 'LOC_ABILITY_GRACE_HEMOLYTIC_2_DESCRIPTION', 1),
    ('ABILITY_GRACE_HEMOLYTIC_3', 'LOC_ABILITY_GRACE_HEMOLYTIC_3_NAME', 'LOC_ABILITY_GRACE_HEMOLYTIC_3_DESCRIPTION', 1),
    ('ABILITY_GRACE_STABILIZER_1', 'LOC_ABILITY_GRACE_STABILIZER_1_NAME', 'LOC_ABILITY_GRACE_STABILIZER_1_DESCRIPTION', 1),
    ('ABILITY_GRACE_STABILIZER_2', 'LOC_ABILITY_GRACE_STABILIZER_2_NAME', 'LOC_ABILITY_GRACE_STABILIZER_2_DESCRIPTION', 1),
    ('ABILITY_GRACE_STABILIZER_3', 'LOC_ABILITY_GRACE_STABILIZER_3_NAME', 'LOC_ABILITY_GRACE_STABILIZER_3_DESCRIPTION', 1),
    ('ABILITY_GRACE_STEROID_1', 'LOC_ABILITY_GRACE_STEROID_1_NAME', 'LOC_ABILITY_GRACE_STEROID_1_DESCRIPTION', 1),
    ('ABILITY_GRACE_STEROID_2', 'LOC_ABILITY_GRACE_STEROID_2_NAME', 'LOC_ABILITY_GRACE_STEROID_2_DESCRIPTION', 1),
    ('ABILITY_GRACE_STEROID_3', 'LOC_ABILITY_GRACE_STEROID_3_NAME', 'LOC_ABILITY_GRACE_STEROID_3_DESCRIPTION', 1);

INSERT INTO UnitAbilityModifiers (UnitAbilityType, ModifierId) VALUES
    ('ABILITY_GRACE_HEMOLYTIC_1', 'GRACE_HEMOLYTIC_1_COMBAT'),
    ('ABILITY_GRACE_HEMOLYTIC_2', 'GRACE_HEMOLYTIC_2_COMBAT'),
    ('ABILITY_GRACE_HEMOLYTIC_3', 'GRACE_HEMOLYTIC_3_COMBAT'),
    ('ABILITY_GRACE_STABILIZER_1', 'GRACE_STABILIZER_1_COMBAT'),
    ('ABILITY_GRACE_STABILIZER_2', 'GRACE_STABILIZER_2_COMBAT'),
    ('ABILITY_GRACE_STABILIZER_3', 'GRACE_STABILIZER_3_COMBAT');

INSERT INTO Modifiers (ModifierId, ModifierType, SubjectRequirementSetId) VALUES
    ('GRACE_HEMOLYTIC_1_COMBAT', 'MODIFIER_UNIT_ADJUST_COMBAT_STRENGTH', 'GRACE_HEMOLYTIC_1_REQUIREMENTS'),
    ('GRACE_HEMOLYTIC_2_COMBAT', 'MODIFIER_UNIT_ADJUST_COMBAT_STRENGTH', 'GRACE_HEMOLYTIC_2_REQUIREMENTS'),
    ('GRACE_HEMOLYTIC_3_COMBAT', 'MODIFIER_UNIT_ADJUST_COMBAT_STRENGTH', 'GRACE_HEMOLYTIC_3_REQUIREMENTS'),
    ('GRACE_STABILIZER_1_COMBAT', 'MODIFIER_UNIT_ADJUST_COMBAT_STRENGTH', NULL),
    ('GRACE_STABILIZER_2_COMBAT', 'MODIFIER_UNIT_ADJUST_COMBAT_STRENGTH', NULL),
    ('GRACE_STABILIZER_3_COMBAT', 'MODIFIER_UNIT_ADJUST_COMBAT_STRENGTH', NULL);

INSERT INTO ModifierArguments (ModifierId, Name, Value) VALUES
    ('GRACE_HEMOLYTIC_1_COMBAT', 'Amount', 5),
    ('GRACE_HEMOLYTIC_2_COMBAT', 'Amount', 10),
    ('GRACE_HEMOLYTIC_3_COMBAT', 'Amount', 15),
    ('GRACE_STABILIZER_1_COMBAT', 'Amount', 5),
    ('GRACE_STABILIZER_2_COMBAT', 'Amount', 10),
    ('GRACE_STABILIZER_3_COMBAT', 'Amount', 15);

INSERT INTO RequirementSets (RequirementSetId, RequirementSetType) VALUES
    ('GRACE_HEMOLYTIC_1_REQUIREMENTS', 'REQUIREMENTSET_TEST_ALL'),
    ('GRACE_HEMOLYTIC_2_REQUIREMENTS', 'REQUIREMENTSET_TEST_ALL'),
    ('GRACE_HEMOLYTIC_3_REQUIREMENTS', 'REQUIREMENTSET_TEST_ALL');

INSERT INTO RequirementSetRequirements (RequirementSetId, RequirementId) VALUES
    ('GRACE_HEMOLYTIC_1_REQUIREMENTS', 'REQUIRES_OPPONENT_IS_BARBARIAN'),
    ('GRACE_HEMOLYTIC_2_REQUIREMENTS', 'REQUIRES_OPPONENT_IS_BARBARIAN'),
    ('GRACE_HEMOLYTIC_3_REQUIREMENTS', 'REQUIRES_OPPONENT_IS_BARBARIAN');

INSERT INTO ModifierStrings (ModifierId, Context, Text) VALUES
    ('GRACE_HEMOLYTIC_1_COMBAT', 'Preview', 'LOC_GRACE_HEMOLYTIC_1_PREVIEW'),
    ('GRACE_HEMOLYTIC_2_COMBAT', 'Preview', 'LOC_GRACE_HEMOLYTIC_2_PREVIEW'),
    ('GRACE_HEMOLYTIC_3_COMBAT', 'Preview', 'LOC_GRACE_HEMOLYTIC_3_PREVIEW'),
    ('GRACE_STABILIZER_1_COMBAT', 'Preview', 'LOC_GRACE_STABILIZER_1_PREVIEW'),
    ('GRACE_STABILIZER_2_COMBAT', 'Preview', 'LOC_GRACE_STABILIZER_2_PREVIEW'),
    ('GRACE_STABILIZER_3_COMBAT', 'Preview', 'LOC_GRACE_STABILIZER_3_PREVIEW');

INSERT OR REPLACE INTO GlobalParameters (Name, Value) VALUES
    ('GRACE_BLOOD_PER_BARBARIAN_KILL', '1'),
    ('GRACE_PROJECT_BLOOD_COST', '3'),
    ('GRACE_NATIVE_PROJECT_BLOOD_COST', '1'),
    ('GRACE_MAX_HEMOLYTIC_LEVEL', '3'),
    ('GRACE_MAX_STABILIZER_LEVEL', '3'),
    ('GRACE_MAX_STEROID_LEVEL', '3'),
    ('GRACE_HEMOLYTIC_COMBAT_VS_BARBARIANS', '5'),
    ('GRACE_STABILIZER_COMBAT', '5'),
    ('GRACE_STEROID_HEALING', '5'),
    ('GRACE_EUREKA_FALLBACK_SCIENCE', '100'),
    ('GRACE_EUREKA_FALLBACK_SCIENCE_PER_ERA', '50'),
    ('GRACE_GREAT_SCIENTIST_POINTS', '30'),
    ('GRACE_GREAT_SCIENTIST_POINTS_PER_ERA', '10'),
    ('GRACE_CONTAINMENT_REVIEW_SCIENCE', '50'),
    ('GRACE_CONTAINMENT_REVIEW_SCIENCE_PER_ERA', '25'),
    ('GRACE_CONTAINMENT_REVIEW_GREAT_SCIENTIST_POINTS', '10'),
    ('GRACE_CONTAINMENT_REVIEW_GREAT_SCIENTIST_POINTS_PER_ERA', '5');
